{"cameraMode":{"drawMode":0,"name":"Shaded","section":"Shading Mode"},"sceneLighting":true,"audioPlay":false,"sceneViewState":{"m_AlwaysRefresh":true,"showFog":true,"showSkybox":true,"showFlares":true,"showImageEffects":true,"showParticleSystems":true,"showVisualEffectGraphs":true,"m_FxEnabled":true},"in2DMode":false,"pivot":{"x":9.689105033874512,"y":2.167182445526123,"z":-6.5433807373046879},"rotation":{"x":0.01743517629802227,"y":-0.9817043542861939,"z":0.19415460526943208,"w":-0.0002490355691406876},"size":0.48146843910217287,"orthographic":false}