{"cameraMode":{"drawMode":0,"name":"Shaded","section":"Shading Mode"},"sceneLighting":true,"audioPlay":false,"sceneViewState":{"m_AlwaysRefresh":true,"showFog":true,"showSkybox":true,"showFlares":true,"showImageEffects":true,"showParticleSystems":true,"showVisualEffectGraphs":true,"m_FxEnabled":true},"in2DMode":false,"pivot":{"x":-4.709449768066406,"y":2.713287830352783,"z":0.08860000967979431},"rotation":{"x":0.050211116671562198,"y":-0.6936278939247131,"z":0.03264566883444786,"w":0.7188270688056946},"size":2.659027576446533,"orthographic":false}