{"cameraMode":{"drawMode":0,"name":"Shaded","section":"Shading Mode"},"sceneLighting":true,"audioPlay":false,"sceneViewState":{"m_AlwaysRefresh":true,"showFog":true,"showSkybox":true,"showFlares":true,"showImageEffects":true,"showParticleSystems":true,"showVisualEffectGraphs":true,"m_FxEnabled":true},"in2DMode":false,"pivot":{"x":21.643142700195314,"y":-3.9824929237365724,"z":6.090281963348389},"rotation":{"x":0.09417284280061722,"y":0.571782112121582,"z":-0.07221775501966477,"w":0.8122660517692566},"size":13.696380615234375,"orthographic":false}