{"cameraMode":{"drawMode":0,"name":"Shaded","section":"Shading Mode"},"sceneLighting":true,"audioPlay":false,"sceneViewState":{"m_AlwaysRefresh":true,"showFog":true,"showSkybox":true,"showFlares":true,"showImageEffects":true,"showParticleSystems":true,"showVisualEffectGraphs":true,"m_FxEnabled":true},"in2DMode":false,"pivot":{"x":-1.2245086431503297,"y":4.558577060699463,"z":-4.714423179626465},"rotation":{"x":0.04108727350831032,"y":0.4786209166049957,"z":-0.022408312186598779,"w":0.8769171833992004},"size":0.8660253882408142,"orthographic":false}