{"cameraMode":{"drawMode":0,"name":"Shaded","section":"Shading Mode"},"sceneLighting":true,"audioPlay":false,"sceneViewState":{"m_AlwaysRefresh":true,"showFog":true,"showSkybox":true,"showFlares":true,"showImageEffects":true,"showParticleSystems":true,"showVisualEffectGraphs":true,"m_FxEnabled":true},"in2DMode":false,"pivot":{"x":11.88057804107666,"y":0.24179412424564362,"z":-6.706463813781738},"rotation":{"x":0.03329496458172798,"y":0.9407286047935486,"z":-0.16830123960971833,"w":0.2957749366760254},"size":0.5915439128875732,"orthographic":false}