{"cameraMode":{"drawMode":0,"name":"Shaded","section":"Shading Mode"},"sceneLighting":true,"audioPlay":false,"sceneViewState":{"m_AlwaysRefresh":true,"showFog":true,"showSkybox":true,"showFlares":true,"showImageEffects":true,"showParticleSystems":true,"showVisualEffectGraphs":true,"m_FxEnabled":true},"in2DMode":false,"pivot":{"x":-3.2359189987182619,"y":3.314331293106079,"z":0.08988970518112183},"rotation":{"x":0.020875072106719018,"y":-0.9533278942108154,"z":0.0283312126994133,"w":0.30224567651748659},"size":2.659027576446533,"orthographic":false}