{"cameraMode":{"drawMode":0,"name":"Shaded","section":"Shading Mode"},"sceneLighting":true,"audioPlay":false,"sceneViewState":{"m_AlwaysRefresh":true,"showFog":true,"showSkybox":true,"showFlares":true,"showImageEffects":true,"showParticleSystems":true,"showVisualEffectGraphs":true,"m_FxEnabled":true},"in2DMode":false,"pivot":{"x":4.488903999328613,"y":3.7050907611846926,"z":2.259310245513916},"rotation":{"x":-0.00766643974930048,"y":-0.9470484256744385,"z":0.07205642759799957,"w":-0.3156270682811737},"size":0.5021156668663025,"orthographic":false}