{"cameraMode":{"drawMode":0,"name":"Shaded","section":"Shading Mode"},"sceneLighting":true,"audioPlay":false,"sceneViewState":{"m_AlwaysRefresh":true,"showFog":true,"showSkybox":true,"showFlares":true,"showImageEffects":true,"showParticleSystems":true,"showVisualEffectGraphs":true,"m_FxEnabled":true},"in2DMode":false,"pivot":{"x":18.530397415161134,"y":3.258471965789795,"z":-0.5989618897438049},"rotation":{"x":0.0034837741404771806,"y":0.9808959364891052,"z":-0.16529801487922669,"w":0.11080338805913925},"size":0.5021156668663025,"orthographic":false}