{"cameraMode":{"drawMode":0,"name":"Shaded","section":"Shading Mode"},"sceneLighting":true,"audioPlay":false,"sceneViewState":{"m_AlwaysRefresh":true,"showFog":true,"showSkybox":true,"showFlares":true,"showImageEffects":true,"showParticleSystems":true,"showVisualEffectGraphs":true,"m_FxEnabled":true},"in2DMode":false,"pivot":{"x":0.003758549690246582,"y":1.2903064489364625,"z":1.4454922676086426},"rotation":{"x":0.13858260214328767,"y":0.8569318056106567,"z":-0.29954051971435549,"w":0.39619550108909609},"size":0.8660253882408142,"orthographic":false}