{"cameraMode":{"drawMode":0,"name":"Shaded","section":"Shading Mode"},"sceneLighting":true,"audioPlay":false,"sceneViewState":{"m_AlwaysRefresh":true,"showFog":true,"showSkybox":true,"showFlares":true,"showImageEffects":true,"showParticleSystems":true,"showVisualEffectGraphs":true,"m_FxEnabled":true},"in2DMode":false,"pivot":{"x":22.04294776916504,"y":9.084513664245606,"z":-21.998226165771486},"rotation":{"x":0.16030648350715638,"y":0.27542945742607119,"z":0.046534497290849689,"w":-0.9468465447425842},"size":0.8660253882408142,"orthographic":false}