{"cameraMode":{"drawMode":0,"name":"Shaded","section":"Shading Mode"},"sceneLighting":true,"audioPlay":false,"sceneViewState":{"m_AlwaysRefresh":true,"showFog":true,"showSkybox":true,"showFlares":true,"showImageEffects":true,"showParticleSystems":true,"showVisualEffectGraphs":true,"m_FxEnabled":true},"in2DMode":false,"pivot":{"x":18.390132904052736,"y":-3.8780243396759035,"z":-21.6500301361084},"rotation":{"x":0.0005611650412902236,"y":0.9898444414138794,"z":-0.13804569840431214,"w":0.04536661133170128},"size":10.76781940460205,"orthographic":false}