{"cameraMode":{"drawMode":0,"name":"Shaded","section":"Shading Mode"},"sceneLighting":true,"audioPlay":false,"sceneViewState":{"m_AlwaysRefresh":true,"showFog":true,"showSkybox":true,"showFlares":true,"showImageEffects":true,"showParticleSystems":true,"showVisualEffectGraphs":true,"m_FxEnabled":true},"in2DMode":false,"pivot":{"x":11.239801406860352,"y":-4.796672821044922,"z":-24.79676055908203},"rotation":{"x":0.034889377653598788,"y":0.960374653339386,"z":-0.17451904714107514,"w":0.2161502242088318},"size":13.696380615234375,"orthographic":false}